{
    "total_runtime": 0.8311021327972412,
    "num_documents": 1,
    "input_load_time": 0,
    "workflows": {
        "create_base_text_units": {
            "overall": 0.6690995693206787,
            "0_create_base_text_units": 0.668100118637085
        },
        "create_final_documents": {
            "overall": 0.010003089904785156,
            "0_create_final_documents": 0.00800323486328125
        }
    }
}